CustomerID,Name,Email
10,John Smith,john.smith@email.com
11,Laura Brown,laura.brown@email.com
12,James Taylor,james.taylor@email.com
13,Emma White,emma.white@email.com
14,Robert King,robert.king@email.com
15,Sophia Green,sophia.green@email.com
16,William Harris,william.harris@email.com
17,Olivia Adams,olivia.adams@email.com
18,Thomas Baker,thomas.baker@email.com
19,Chloe Evans,chloe.evans@email.com
20,Liam Carter,liam.carter@email.com
21,Ava Mitchell,ava.mitchell@email.com
22,Noah Turner,noah.turner@email.com
23,Grace Hall,grace.hall@email.com
24,Lucas Wright,lucas.wright@email.com
25,Mia Lopez,mia.lopez@email.com
26,Ethan Scott,ethan.scott@email.com
27,Isabella Young,isabella.young@email.com
28,Alexander Hill,alexander.hill@email.com
29,Charlotte Moore,charlotte.moore@email.com
30,Joseph Jackson,joseph.jackson@email.com